"platform","downloads","paid_users","conversion_to_payment","total_revenue_usd","revenue_per_download_usd"
ios,14290,3792,0.265,2586628.8099999633,181.01
android,6935,1830,0.264,1243623.6100000062,179.33
web,2383,611,0.256,421415.1900000026,176.84
